object_location,image_small,image_thumb
/objects/col007_gg_ph1.jpg,/objects/small/col007_gg_ph1_sm.jpg,/objects/thumbs/col007_gg_ph1_th.jpg
/objects/col007_gg_ph10.jpg,/objects/small/col007_gg_ph10_sm.jpg,/objects/thumbs/col007_gg_ph10_th.jpg
/objects/col007_gg_ph11.jpg,/objects/small/col007_gg_ph11_sm.jpg,/objects/thumbs/col007_gg_ph11_th.jpg
/objects/col007_gg_ph12.jpg,/objects/small/col007_gg_ph12_sm.jpg,/objects/thumbs/col007_gg_ph12_th.jpg
/objects/col007_gg_ph13.jpg,/objects/small/col007_gg_ph13_sm.jpg,/objects/thumbs/col007_gg_ph13_th.jpg
/objects/col007_gg_ph14.jpg,/objects/small/col007_gg_ph14_sm.jpg,/objects/thumbs/col007_gg_ph14_th.jpg
/objects/col007_gg_ph15.jpg,/objects/small/col007_gg_ph15_sm.jpg,/objects/thumbs/col007_gg_ph15_th.jpg
/objects/col007_gg_ph16.jpg,/objects/small/col007_gg_ph16_sm.jpg,/objects/thumbs/col007_gg_ph16_th.jpg
/objects/col007_gg_ph17.jpg,/objects/small/col007_gg_ph17_sm.jpg,/objects/thumbs/col007_gg_ph17_th.jpg
/objects/col007_gg_ph18.jpg,/objects/small/col007_gg_ph18_sm.jpg,/objects/thumbs/col007_gg_ph18_th.jpg
/objects/col007_gg_ph19.jpg,/objects/small/col007_gg_ph19_sm.jpg,/objects/thumbs/col007_gg_ph19_th.jpg
/objects/col007_gg_ph2.jpg,/objects/small/col007_gg_ph2_sm.jpg,/objects/thumbs/col007_gg_ph2_th.jpg
/objects/col007_gg_ph20.jpg,/objects/small/col007_gg_ph20_sm.jpg,/objects/thumbs/col007_gg_ph20_th.jpg
/objects/col007_gg_ph21.jpg,/objects/small/col007_gg_ph21_sm.jpg,/objects/thumbs/col007_gg_ph21_th.jpg
/objects/col007_gg_ph22.jpg,/objects/small/col007_gg_ph22_sm.jpg,/objects/thumbs/col007_gg_ph22_th.jpg
/objects/col007_gg_ph23.jpg,/objects/small/col007_gg_ph23_sm.jpg,/objects/thumbs/col007_gg_ph23_th.jpg
/objects/col007_gg_ph24.jpg,/objects/small/col007_gg_ph24_sm.jpg,/objects/thumbs/col007_gg_ph24_th.jpg
/objects/col007_gg_ph25.jpg,/objects/small/col007_gg_ph25_sm.jpg,/objects/thumbs/col007_gg_ph25_th.jpg
/objects/col007_gg_ph26.jpg,/objects/small/col007_gg_ph26_sm.jpg,/objects/thumbs/col007_gg_ph26_th.jpg
/objects/col007_gg_ph27.jpg,/objects/small/col007_gg_ph27_sm.jpg,/objects/thumbs/col007_gg_ph27_th.jpg
/objects/col007_gg_ph28.jpg,/objects/small/col007_gg_ph28_sm.jpg,/objects/thumbs/col007_gg_ph28_th.jpg
/objects/col007_gg_ph29.jpg,/objects/small/col007_gg_ph29_sm.jpg,/objects/thumbs/col007_gg_ph29_th.jpg
/objects/col007_gg_ph3.jpg,/objects/small/col007_gg_ph3_sm.jpg,/objects/thumbs/col007_gg_ph3_th.jpg
/objects/col007_gg_ph30.jpg,/objects/small/col007_gg_ph30_sm.jpg,/objects/thumbs/col007_gg_ph30_th.jpg
/objects/col007_gg_ph31.jpg,/objects/small/col007_gg_ph31_sm.jpg,/objects/thumbs/col007_gg_ph31_th.jpg
/objects/col007_gg_ph32.jpg,/objects/small/col007_gg_ph32_sm.jpg,/objects/thumbs/col007_gg_ph32_th.jpg
/objects/col007_gg_ph33.jpg,/objects/small/col007_gg_ph33_sm.jpg,/objects/thumbs/col007_gg_ph33_th.jpg
/objects/col007_gg_ph34.jpg,/objects/small/col007_gg_ph34_sm.jpg,/objects/thumbs/col007_gg_ph34_th.jpg
/objects/col007_gg_ph35.jpg,/objects/small/col007_gg_ph35_sm.jpg,/objects/thumbs/col007_gg_ph35_th.jpg
/objects/col007_gg_ph36.jpg,/objects/small/col007_gg_ph36_sm.jpg,/objects/thumbs/col007_gg_ph36_th.jpg
/objects/col007_gg_ph37.jpg,/objects/small/col007_gg_ph37_sm.jpg,/objects/thumbs/col007_gg_ph37_th.jpg
/objects/col007_gg_ph38.jpg,/objects/small/col007_gg_ph38_sm.jpg,/objects/thumbs/col007_gg_ph38_th.jpg
/objects/col007_gg_ph39.jpg,/objects/small/col007_gg_ph39_sm.jpg,/objects/thumbs/col007_gg_ph39_th.jpg
/objects/col007_gg_ph4.jpg,/objects/small/col007_gg_ph4_sm.jpg,/objects/thumbs/col007_gg_ph4_th.jpg
/objects/col007_gg_ph40.jpg,/objects/small/col007_gg_ph40_sm.jpg,/objects/thumbs/col007_gg_ph40_th.jpg
/objects/col007_gg_ph41.jpg,/objects/small/col007_gg_ph41_sm.jpg,/objects/thumbs/col007_gg_ph41_th.jpg
/objects/col007_gg_ph42.jpg,/objects/small/col007_gg_ph42_sm.jpg,/objects/thumbs/col007_gg_ph42_th.jpg
/objects/col007_gg_ph43.jpg,/objects/small/col007_gg_ph43_sm.jpg,/objects/thumbs/col007_gg_ph43_th.jpg
/objects/col007_gg_ph44.jpg,/objects/small/col007_gg_ph44_sm.jpg,/objects/thumbs/col007_gg_ph44_th.jpg
/objects/col007_gg_ph46.jpg,/objects/small/col007_gg_ph46_sm.jpg,/objects/thumbs/col007_gg_ph46_th.jpg
/objects/col007_gg_ph47.jpg,/objects/small/col007_gg_ph47_sm.jpg,/objects/thumbs/col007_gg_ph47_th.jpg
/objects/col007_gg_ph48.jpg,/objects/small/col007_gg_ph48_sm.jpg,/objects/thumbs/col007_gg_ph48_th.jpg
/objects/col007_gg_ph49.jpg,/objects/small/col007_gg_ph49_sm.jpg,/objects/thumbs/col007_gg_ph49_th.jpg
/objects/col007_gg_ph5.jpg,/objects/small/col007_gg_ph5_sm.jpg,/objects/thumbs/col007_gg_ph5_th.jpg
/objects/col007_gg_ph50.jpg,/objects/small/col007_gg_ph50_sm.jpg,/objects/thumbs/col007_gg_ph50_th.jpg
/objects/col007_gg_ph51.jpg,/objects/small/col007_gg_ph51_sm.jpg,/objects/thumbs/col007_gg_ph51_th.jpg
/objects/col007_gg_ph52.jpg,/objects/small/col007_gg_ph52_sm.jpg,/objects/thumbs/col007_gg_ph52_th.jpg
/objects/col007_gg_ph53.jpg,/objects/small/col007_gg_ph53_sm.jpg,/objects/thumbs/col007_gg_ph53_th.jpg
/objects/col007_gg_ph54.jpg,/objects/small/col007_gg_ph54_sm.jpg,/objects/thumbs/col007_gg_ph54_th.jpg
/objects/col007_gg_ph55.jpg,/objects/small/col007_gg_ph55_sm.jpg,/objects/thumbs/col007_gg_ph55_th.jpg
/objects/col007_gg_ph56.jpg,/objects/small/col007_gg_ph56_sm.jpg,/objects/thumbs/col007_gg_ph56_th.jpg
/objects/col007_gg_ph57.jpg,/objects/small/col007_gg_ph57_sm.jpg,/objects/thumbs/col007_gg_ph57_th.jpg
/objects/col007_gg_ph6.jpg,/objects/small/col007_gg_ph6_sm.jpg,/objects/thumbs/col007_gg_ph6_th.jpg
/objects/col007_gg_ph7.jpg,/objects/small/col007_gg_ph7_sm.jpg,/objects/thumbs/col007_gg_ph7_th.jpg
/objects/col007_gg_ph8.jpg,/objects/small/col007_gg_ph8_sm.jpg,/objects/thumbs/col007_gg_ph8_th.jpg
/objects/col007_gg_ph9.jpg,/objects/small/col007_gg_ph9_sm.jpg,/objects/thumbs/col007_gg_ph9_th.jpg
/objects/demo_001.jpg,/objects/small/demo_001_sm.jpg,/objects/thumbs/demo_001_th.jpg
/objects/demo_002.pdf,/objects/small/demo_002_sm.jpg,/objects/thumbs/demo_002_th.jpg
/objects/demo_003.mp3,,
/objects/demo_004.jpg,/objects/small/demo_004_sm.jpg,/objects/thumbs/demo_004_th.jpg
/objects/featured_col007.jpg,/objects/small/featured_col007_sm.jpg,/objects/thumbs/featured_col007_th.jpg
